   	#	(	)	*	+	,	-	/	0	;	=	A	C	F	G	H	I	J	K	L	M	N	O	P	Q	R	S	U	V	W	Y	Z	b	c	f	q	r	s	t	u	v	w	x	y	{	}	
0	 0	 0	 0	 0	 0	 0	 0	 0	 0	 0	 0	G1	 0	 0	 0	 0	 0	 0	 0	 0	 0	 0	 0	 0	 0	 0	 0	 0	 0	 0	 0	 0	 0	 0	 0	 0	 0	s2	s3	 0	 0	 0	 0	 0	 0	 0	
1	a0	 0	 0	 0	 0	 0	 0	 0	 0	 0	 0	 0	 0	 0	 0	 0	 0	 0	 0	 0	 0	 0	 0	 0	 0	 0	 0	 0	 0	 0	 0	 0	 0	 0	 0	 0	s4	 0	 0	 0	 0	 0	 0	 0	 0	 0	
2	 0	 0	 0	 0	 0	 0	 0	 0	 0	 0	 0	 0	 0	 0	 0	 0	 0	 0	 0	 0	 0	 0	 0	 0	 0	 0	 0	 0	 0	 0	 0	 0	 0	 0	 0	 0	r1	 0	 0	 0	 0	 0	 0	 0	 0	 0	
3	 0	 0	 0	 0	 0	 0	 0	 0	 0	 0	 0	 0	 0	 0	 0	 0	 0	 0	 0	 0	 0	 0	 0	 0	 0	 0	 0	 0	 0	 0	 0	 0	 0	 0	 0	 0	r2	 0	 0	 0	 0	 0	 0	 0	 0	 0	
4	 0	s5	 0	 0	 0	 0	 0	 0	 0	 0	 0	 0	 0	 0	 0	 0	 0	 0	 0	 0	 0	 0	 0	 0	 0	 0	 0	 0	 0	 0	 0	 0	 0	 0	 0	 0	 0	 0	 0	 0	 0	 0	 0	 0	 0	 0	
5	 0	 0	s6	 0	 0	 0	 0	 0	 0	 0	 0	 0	 0	 0	 0	 0	 0	 0	 0	 0	 0	 0	 0	 0	 0	 0	 0	 0	 0	 0	 0	 0	 0	 0	 0	 0	 0	 0	 0	 0	 0	 0	 0	 0	 0	 0	
6	 0	 0	 0	 0	 0	 0	 0	 0	 0	 0	 0	 0	G7	 0	 0	 0	G9	G13	G12	G10	G11	 0	 0	 0	 0	 0	 0	 0	 0	 0	 0	 0	 0	 0	 0	 0	s15	 0	 0	s14	s17	 0	s16	 0	s8	 0	
7	a0	 0	 0	 0	 0	 0	 0	 0	 0	 0	 0	 0	 0	 0	 0	 0	 0	 0	 0	 0	 0	 0	 0	 0	 0	 0	 0	 0	 0	 0	 0	 0	 0	 0	 0	 0	 0	 0	 0	 0	 0	 0	 0	 0	 0	 0	
8	 0	 0	 0	 0	 0	 0	 0	 0	 0	 0	 0	 0	 0	G18	G19	G20	G21	G26	G25	G23	G24	 0	 0	 0	 0	 0	 0	 0	 0	 0	 0	 0	 0	 0	 0	 0	s28	s22	 0	s27	s30	 0	s29	 0	 0	 0	
9	r5	 0	 0	 0	 0	 0	 0	 0	 0	 0	 0	 0	 0	 0	 0	 0	 0	 0	 0	 0	 0	 0	 0	 0	 0	 0	 0	 0	 0	 0	 0	 0	 0	 0	 0	 0	 0	 0	 0	 0	 0	 0	 0	 0	 0	 0	
10	r12	 0	 0	 0	 0	 0	 0	 0	 0	 0	 0	 0	 0	 0	 0	 0	 0	 0	 0	 0	 0	 0	 0	 0	 0	 0	 0	 0	 0	 0	 0	 0	 0	 0	 0	 0	 0	 0	 0	 0	 0	 0	 0	 0	 0	 0	
11	r33	 0	 0	 0	 0	 0	 0	 0	 0	 0	 0	 0	 0	 0	 0	 0	 0	 0	 0	 0	 0	 0	 0	 0	 0	 0	 0	 0	 0	 0	 0	 0	 0	 0	 0	 0	 0	 0	 0	 0	 0	 0	 0	 0	 0	 0	
12	r38	 0	 0	 0	 0	 0	 0	 0	 0	 0	 0	 0	 0	 0	 0	 0	 0	 0	 0	 0	 0	 0	 0	 0	 0	 0	 0	 0	 0	 0	 0	 0	 0	 0	 0	 0	 0	 0	 0	 0	 0	 0	 0	 0	 0	 0	
13	r40	 0	 0	 0	 0	 0	 0	 0	 0	 0	 0	 0	 0	 0	 0	 0	 0	 0	 0	 0	 0	 0	 0	 0	 0	 0	 0	 0	 0	 0	 0	 0	 0	 0	 0	 0	 0	 0	 0	 0	 0	 0	 0	 0	 0	 0	
14	 0	s39	 0	 0	 0	 0	 0	 0	s36	 0	 0	 0	 0	 0	 0	 0	 0	 0	 0	 0	 0	G31	G33	G34	G35	 0	 0	 0	 0	G32	 0	 0	 0	 0	 0	s38	s37	 0	 0	 0	 0	 0	 0	 0	 0	 0	
15	 0	 0	 0	 0	 0	 0	 0	 0	 0	 0	s40	 0	 0	 0	 0	 0	 0	 0	 0	 0	 0	 0	 0	 0	 0	 0	 0	 0	 0	 0	 0	 0	 0	 0	 0	 0	 0	 0	 0	 0	 0	 0	 0	 0	 0	 0	
16	 0	s41	 0	 0	 0	 0	 0	 0	 0	 0	 0	 0	 0	 0	 0	 0	 0	 0	 0	 0	 0	 0	 0	 0	 0	 0	 0	 0	 0	 0	 0	 0	 0	 0	 0	 0	 0	 0	 0	 0	 0	 0	 0	 0	 0	 0	
17	 0	s42	 0	 0	 0	 0	 0	 0	 0	 0	 0	 0	 0	 0	 0	 0	 0	 0	 0	 0	 0	 0	 0	 0	 0	 0	 0	 0	 0	 0	 0	 0	 0	 0	 0	 0	 0	 0	 0	 0	 0	 0	 0	 0	 0	 0	
18	 0	 0	 0	 0	 0	 0	 0	 0	 0	 0	 0	 0	 0	 0	G43	 0	G21	G26	G25	G23	G24	 0	 0	 0	 0	 0	 0	 0	 0	 0	 0	 0	 0	 0	 0	 0	s28	 0	 0	s27	s30	 0	s29	 0	 0	 0	
19	 0	 0	 0	 0	 0	 0	 0	 0	 0	 0	 0	 0	 0	 0	 0	 0	 0	 0	 0	 0	 0	 0	 0	 0	 0	 0	 0	 0	 0	 0	 0	 0	 0	 0	 0	 0	 0	 0	 0	 0	 0	 0	 0	 0	 0	s44	
20	 0	 0	 0	 0	 0	 0	 0	 0	 0	s45	 0	 0	 0	 0	 0	 0	 0	 0	 0	 0	 0	 0	 0	 0	 0	 0	 0	 0	 0	 0	 0	 0	 0	 0	 0	 0	 0	 0	 0	 0	 0	 0	 0	 0	 0	 0	
21	 0	 0	 0	 0	 0	 0	 0	 0	 0	 0	 0	 0	 0	 0	G46	 0	G21	G26	G25	G23	G24	 0	 0	 0	 0	 0	 0	 0	 0	 0	 0	 0	 0	 0	 0	 0	s28	 0	 0	s27	s30	 0	s29	 0	 0	r11	
22	 0	 0	 0	 0	 0	 0	 0	 0	 0	 0	 0	 0	 0	 0	 0	 0	 0	 0	 0	 0	 0	 0	 0	 0	 0	 0	 0	 0	 0	 0	 0	 0	 0	 0	 0	 0	s47	 0	 0	 0	 0	 0	 0	 0	 0	 0	
23	 0	 0	 0	 0	 0	 0	 0	 0	 0	 0	 0	 0	 0	 0	 0	 0	 0	 0	 0	 0	 0	 0	 0	 0	 0	 0	 0	 0	 0	 0	 0	 0	 0	 0	 0	 0	r12	 0	 0	r12	r12	 0	r12	 0	 0	r12	
24	 0	 0	 0	 0	 0	 0	 0	 0	 0	 0	 0	 0	 0	 0	 0	 0	 0	 0	 0	 0	 0	 0	 0	 0	 0	 0	 0	 0	 0	 0	 0	 0	 0	 0	 0	 0	r33	 0	 0	r33	r33	 0	r33	 0	 0	r33	
25	 0	 0	 0	 0	 0	 0	 0	 0	 0	 0	 0	 0	 0	 0	 0	 0	 0	 0	 0	 0	 0	 0	 0	 0	 0	 0	 0	 0	 0	 0	 0	 0	 0	 0	 0	 0	r38	 0	 0	r38	r38	 0	r38	 0	 0	r38	
26	 0	 0	 0	 0	 0	 0	 0	 0	 0	 0	 0	 0	 0	 0	 0	 0	 0	 0	 0	 0	 0	 0	 0	 0	 0	 0	 0	 0	 0	 0	 0	 0	 0	 0	 0	 0	r40	 0	 0	r40	r40	 0	r40	 0	 0	r40	
27	 0	s39	 0	 0	 0	 0	 0	 0	s36	 0	 0	 0	 0	 0	 0	 0	 0	 0	 0	 0	 0	G48	G33	G34	G35	 0	 0	 0	 0	G49	 0	 0	 0	 0	 0	s38	s37	 0	 0	 0	 0	 0	 0	 0	 0	 0	
28	 0	 0	 0	 0	 0	 0	 0	 0	 0	 0	s50	 0	 0	 0	 0	 0	 0	 0	 0	 0	 0	 0	 0	 0	 0	 0	 0	 0	 0	 0	 0	 0	 0	 0	 0	 0	 0	 0	 0	 0	 0	 0	 0	 0	 0	 0	
29	 0	s51	 0	 0	 0	 0	 0	 0	 0	 0	 0	 0	 0	 0	 0	 0	 0	 0	 0	 0	 0	 0	 0	 0	 0	 0	 0	 0	 0	 0	 0	 0	 0	 0	 0	 0	 0	 0	 0	 0	 0	 0	 0	 0	 0	 0	
30	 0	s52	 0	 0	 0	 0	 0	 0	 0	 0	 0	 0	 0	 0	 0	 0	 0	 0	 0	 0	 0	 0	 0	 0	 0	 0	 0	 0	 0	 0	 0	 0	 0	 0	 0	 0	 0	 0	 0	 0	 0	 0	 0	 0	 0	 0	
31	r13	 0	 0	 0	 0	 0	 0	 0	 0	 0	 0	 0	 0	 0	 0	 0	 0	 0	 0	 0	 0	 0	 0	 0	 0	 0	 0	 0	 0	 0	 0	 0	 0	 0	 0	 0	 0	 0	 0	 0	 0	 0	 0	 0	 0	 0	
32	 0	 0	 0	 0	 0	 0	 0	 0	 0	s53	 0	 0	 0	 0	 0	 0	 0	 0	 0	 0	 0	 0	 0	 0	 0	 0	 0	 0	 0	 0	 0	 0	 0	 0	 0	 0	 0	 0	 0	 0	 0	 0	 0	 0	 0	 0	
33	 0	 0	 0	 0	 0	 0	 0	 0	 0	r15	 0	 0	 0	 0	 0	 0	 0	 0	 0	 0	 0	 0	 0	 0	 0	 0	 0	 0	 0	 0	 0	 0	 0	G54	 0	 0	 0	 0	 0	 0	 0	 0	 0	s55	 0	 0	
34	 0	 0	 0	 0	s57	 0	s58	 0	 0	r16	 0	 0	 0	 0	 0	 0	 0	 0	 0	 0	 0	 0	 0	 0	 0	 0	 0	 0	 0	 0	G56	 0	 0	 0	 0	 0	 0	 0	 0	 0	 0	 0	 0	r16	 0	 0	
35	 0	 0	 0	s60	r22	 0	r22	s61	 0	r22	 0	 0	 0	 0	 0	 0	 0	 0	 0	 0	 0	 0	 0	 0	 0	 0	 0	 0	 0	 0	 0	G59	 0	 0	 0	 0	 0	 0	 0	 0	 0	 0	 0	r22	 0	 0	
36	 0	 0	 0	r28	r28	 0	r28	r28	 0	r28	 0	 0	 0	 0	 0	 0	 0	 0	 0	 0	 0	 0	 0	 0	 0	 0	 0	 0	 0	 0	 0	 0	 0	 0	 0	 0	 0	 0	 0	 0	 0	 0	 0	r28	 0	 0	
37	 0	s63	 0	r29	r29	 0	r29	r29	 0	r29	 0	 0	 0	 0	 0	 0	 0	 0	 0	 0	 0	 0	 0	 0	 0	G62	 0	 0	 0	 0	 0	 0	 0	 0	 0	 0	 0	 0	 0	 0	 0	 0	 0	r29	 0	 0	
38	 0	 0	 0	r30	r30	 0	r30	r30	 0	r30	 0	 0	 0	 0	 0	 0	 0	 0	 0	 0	 0	 0	 0	 0	 0	 0	 0	 0	 0	 0	 0	 0	 0	 0	 0	 0	 0	 0	 0	 0	 0	 0	 0	r30	 0	 0	
39	 0	s71	 0	 0	 0	 0	 0	 0	s68	 0	 0	 0	 0	 0	 0	 0	 0	 0	 0	 0	 0	 0	G65	G66	G67	 0	 0	 0	 0	G64	 0	 0	 0	 0	 0	s70	s69	 0	 0	 0	 0	 0	 0	 0	 0	 0	
40	 0	s39	 0	 0	 0	 0	 0	 0	s36	 0	 0	 0	 0	 0	 0	 0	 0	 0	 0	 0	 0	G72	G33	G34	G35	 0	 0	 0	 0	G32	 0	 0	 0	 0	 0	s38	s37	 0	 0	 0	 0	 0	 0	 0	 0	 0	
41	 0	s71	 0	 0	 0	 0	 0	 0	s68	 0	 0	 0	 0	 0	 0	 0	 0	 0	 0	 0	 0	 0	G65	G66	G67	 0	 0	 0	 0	G73	 0	 0	 0	 0	 0	s70	s69	 0	 0	 0	 0	 0	 0	 0	 0	 0	
42	 0	s71	 0	 0	 0	 0	 0	 0	s68	 0	 0	 0	 0	 0	 0	 0	 0	 0	 0	 0	 0	 0	G65	G66	G67	 0	 0	 0	 0	G74	 0	 0	 0	 0	 0	s70	s69	 0	 0	 0	 0	 0	 0	 0	 0	 0	
43	 0	 0	 0	 0	 0	 0	 0	 0	 0	 0	 0	 0	 0	 0	 0	 0	 0	 0	 0	 0	 0	 0	 0	 0	 0	 0	 0	 0	 0	 0	 0	 0	 0	 0	 0	 0	 0	 0	 0	 0	 0	 0	 0	 0	 0	s75	
44	r4	 0	 0	 0	 0	 0	 0	 0	 0	 0	 0	 0	 0	 0	 0	 0	 0	 0	 0	 0	 0	 0	 0	 0	 0	 0	 0	 0	 0	 0	 0	 0	 0	 0	 0	 0	 0	 0	 0	 0	 0	 0	 0	 0	 0	 0	
45	 0	 0	 0	 0	 0	 0	 0	 0	 0	 0	 0	 0	 0	G76	 0	G20	 0	 0	 0	 0	 0	 0	 0	 0	 0	 0	 0	 0	 0	 0	 0	 0	 0	 0	 0	 0	r7	s22	 0	r7	r7	 0	r7	 0	 0	 0	
46	 0	 0	 0	 0	 0	 0	 0	 0	 0	 0	 0	 0	 0	 0	 0	 0	 0	 0	 0	 0	 0	 0	 0	 0	 0	 0	 0	 0	 0	 0	 0	 0	 0	 0	 0	 0	 0	 0	 0	 0	 0	 0	 0	 0	 0	r10	
47	 0	 0	 0	 0	 0	 0	 0	 0	 0	r8	s77	 0	 0	 0	 0	 0	 0	 0	 0	 0	 0	 0	 0	 0	 0	 0	 0	 0	 0	 0	 0	 0	 0	 0	 0	 0	 0	 0	 0	 0	 0	 0	 0	 0	 0	 0	
48	 0	 0	 0	 0	 0	 0	 0	 0	 0	 0	 0	 0	 0	 0	 0	 0	 0	 0	 0	 0	 0	 0	 0	 0	 0	 0	 0	 0	 0	 0	 0	 0	 0	 0	 0	 0	r13	 0	 0	r13	r13	 0	r13	 0	 0	r13	
49	 0	 0	 0	 0	 0	 0	 0	 0	 0	s78	 0	 0	 0	 0	 0	 0	 0	 0	 0	 0	 0	 0	 0	 0	 0	 0	 0	 0	 0	 0	 0	 0	 0	 0	 0	 0	 0	 0	 0	 0	 0	 0	 0	 0	 0	 0	
50	 0	s39	 0	 0	 0	 0	 0	 0	s36	 0	 0	 0	 0	 0	 0	 0	 0	 0	 0	 0	 0	G79	G33	G34	G35	 0	 0	 0	 0	G49	 0	 0	 0	 0	 0	s38	s37	 0	 0	 0	 0	 0	 0	 0	 0	 0	
51	 0	s71	 0	 0	 0	 0	 0	 0	s68	 0	 0	 0	 0	 0	 0	 0	 0	 0	 0	 0	 0	 0	G65	G66	G67	 0	 0	 0	 0	G80	 0	 0	 0	 0	 0	s70	s69	 0	 0	 0	 0	 0	 0	 0	 0	 0	
52	 0	s71	 0	 0	 0	 0	 0	 0	s68	 0	 0	 0	 0	 0	 0	 0	 0	 0	 0	 0	 0	 0	G65	G66	G67	 0	 0	 0	 0	G81	 0	 0	 0	 0	 0	s70	s69	 0	 0	 0	 0	 0	 0	 0	 0	 0	
53	r14	 0	 0	 0	 0	 0	 0	 0	 0	 0	 0	 0	 0	 0	 0	 0	 0	 0	 0	 0	 0	 0	 0	 0	 0	 0	 0	 0	 0	 0	 0	 0	 0	 0	 0	 0	 0	 0	 0	 0	 0	 0	 0	 0	 0	 0	
54	 0	 0	 0	 0	 0	 0	 0	 0	 0	r35	 0	 0	 0	 0	 0	 0	 0	 0	 0	 0	 0	 0	 0	 0	 0	 0	 0	 0	 0	 0	 0	 0	 0	 0	 0	 0	 0	 0	 0	 0	 0	 0	 0	 0	 0	 0	
55	 0	s39	 0	 0	 0	 0	 0	 0	s36	 0	 0	 0	 0	 0	 0	 0	 0	 0	 0	 0	 0	 0	G82	G34	G35	 0	 0	 0	 0	 0	 0	 0	 0	 0	 0	s38	s37	 0	 0	 0	 0	 0	 0	 0	 0	 0	
56	 0	 0	 0	 0	 0	 0	 0	 0	 0	r17	 0	 0	 0	 0	 0	 0	 0	 0	 0	 0	 0	 0	 0	 0	 0	 0	 0	 0	 0	 0	 0	 0	 0	 0	 0	 0	 0	 0	 0	 0	 0	 0	 0	r17	 0	 0	
57	 0	s39	 0	 0	 0	 0	 0	 0	s36	 0	 0	 0	 0	 0	 0	 0	 0	 0	 0	 0	 0	 0	 0	G83	G35	 0	 0	 0	 0	 0	 0	 0	 0	 0	 0	s38	s37	 0	 0	 0	 0	 0	 0	 0	 0	 0	
58	 0	s39	 0	 0	 0	 0	 0	 0	s36	 0	 0	 0	 0	 0	 0	 0	 0	 0	 0	 0	 0	 0	 0	G84	G35	 0	 0	 0	 0	 0	 0	 0	 0	 0	 0	s38	s37	 0	 0	 0	 0	 0	 0	 0	 0	 0	
59	 0	 0	 0	 0	r23	 0	r23	 0	 0	r23	 0	 0	 0	 0	 0	 0	 0	 0	 0	 0	 0	 0	 0	 0	 0	 0	 0	 0	 0	 0	 0	 0	 0	 0	 0	 0	 0	 0	 0	 0	 0	 0	 0	r23	 0	 0	
60	 0	s39	 0	 0	 0	 0	 0	 0	s36	 0	 0	 0	 0	 0	 0	 0	 0	 0	 0	 0	 0	 0	 0	 0	G85	 0	 0	 0	 0	 0	 0	 0	 0	 0	 0	s38	s37	 0	 0	 0	 0	 0	 0	 0	 0	 0	
61	 0	s39	 0	 0	 0	 0	 0	 0	s36	 0	 0	 0	 0	 0	 0	 0	 0	 0	 0	 0	 0	 0	 0	 0	G86	 0	 0	 0	 0	 0	 0	 0	 0	 0	 0	s38	s37	 0	 0	 0	 0	 0	 0	 0	 0	 0	
62	 0	 0	 0	r31	r31	 0	r31	r31	 0	r31	 0	 0	 0	 0	 0	 0	 0	 0	 0	 0	 0	 0	 0	 0	 0	 0	 0	 0	 0	 0	 0	 0	 0	 0	 0	 0	 0	 0	 0	 0	 0	 0	 0	r31	 0	 0	
63	 0	s97	s88	 0	 0	 0	 0	 0	s94	 0	 0	 0	 0	 0	 0	 0	 0	 0	 0	 0	 0	 0	G91	G92	G93	 0	 0	G89	G87	G90	 0	 0	 0	 0	 0	s96	s95	 0	 0	 0	 0	 0	 0	 0	 0	 0	
64	 0	 0	s98	 0	 0	 0	 0	 0	 0	 0	 0	 0	 0	 0	 0	 0	 0	 0	 0	 0	 0	 0	 0	 0	 0	 0	 0	 0	 0	 0	 0	 0	 0	 0	 0	 0	 0	 0	 0	 0	 0	 0	 0	 0	 0	 0	
65	 0	 0	r15	 0	 0	 0	 0	 0	 0	 0	 0	 0	 0	 0	 0	 0	 0	 0	 0	 0	 0	 0	 0	 0	 0	 0	 0	 0	 0	 0	 0	 0	 0	G99	 0	 0	 0	 0	 0	 0	 0	 0	 0	s100	 0	 0	
66	 0	 0	r16	 0	s102	 0	s103	 0	 0	 0	 0	 0	 0	 0	 0	 0	 0	 0	 0	 0	 0	 0	 0	 0	 0	 0	 0	 0	 0	 0	G101	 0	 0	 0	 0	 0	 0	 0	 0	 0	 0	 0	 0	r16	 0	 0	
67	 0	 0	r22	s105	r22	 0	r22	s106	 0	 0	 0	 0	 0	 0	 0	 0	 0	 0	 0	 0	 0	 0	 0	 0	 0	 0	 0	 0	 0	 0	 0	G104	 0	 0	 0	 0	 0	 0	 0	 0	 0	 0	 0	r22	 0	 0	
68	 0	 0	r28	r28	r28	 0	r28	r28	 0	 0	 0	 0	 0	 0	 0	 0	 0	 0	 0	 0	 0	 0	 0	 0	 0	 0	 0	 0	 0	 0	 0	 0	 0	 0	 0	 0	 0	 0	 0	 0	 0	 0	 0	r28	 0	 0	
69	 0	s108	r29	r29	r29	 0	r29	r29	 0	 0	 0	 0	 0	 0	 0	 0	 0	 0	 0	 0	 0	 0	 0	 0	 0	G107	 0	 0	 0	 0	 0	 0	 0	 0	 0	 0	 0	 0	 0	 0	 0	 0	 0	r29	 0	 0	
70	 0	 0	r30	r30	r30	 0	r30	r30	 0	 0	 0	 0	 0	 0	 0	 0	 0	 0	 0	 0	 0	 0	 0	 0	 0	 0	 0	 0	 0	 0	 0	 0	 0	 0	 0	 0	 0	 0	 0	 0	 0	 0	 0	r30	 0	 0	
71	 0	s71	 0	 0	 0	 0	 0	 0	s68	 0	 0	 0	 0	 0	 0	 0	 0	 0	 0	 0	 0	 0	G65	G66	G67	 0	 0	 0	 0	G109	 0	 0	 0	 0	 0	s70	s69	 0	 0	 0	 0	 0	 0	 0	 0	 0	
72	r34	 0	 0	 0	 0	 0	 0	 0	 0	 0	 0	 0	 0	 0	 0	 0	 0	 0	 0	 0	 0	 0	 0	 0	 0	 0	 0	 0	 0	 0	 0	 0	 0	 0	 0	 0	 0	 0	 0	 0	 0	 0	 0	 0	 0	 0	
73	 0	 0	s110	 0	 0	 0	 0	 0	 0	 0	 0	 0	 0	 0	 0	 0	 0	 0	 0	 0	 0	 0	 0	 0	 0	 0	 0	 0	 0	 0	 0	 0	 0	 0	 0	 0	 0	 0	 0	 0	 0	 0	 0	 0	 0	 0	
74	 0	 0	s111	 0	 0	 0	 0	 0	 0	 0	 0	 0	 0	 0	 0	 0	 0	 0	 0	 0	 0	 0	 0	 0	 0	 0	 0	 0	 0	 0	 0	 0	 0	 0	 0	 0	 0	 0	 0	 0	 0	 0	 0	 0	 0	 0	
75	r3	 0	 0	 0	 0	 0	 0	 0	 0	 0	 0	 0	 0	 0	 0	 0	 0	 0	 0	 0	 0	 0	 0	 0	 0	 0	 0	 0	 0	 0	 0	 0	 0	 0	 0	 0	 0	 0	 0	 0	 0	 0	 0	 0	 0	 0	
76	 0	 0	 0	 0	 0	 0	 0	 0	 0	 0	 0	 0	 0	 0	 0	 0	 0	 0	 0	 0	 0	 0	 0	 0	 0	 0	 0	 0	 0	 0	 0	 0	 0	 0	 0	 0	r6	 0	 0	r6	r6	 0	r6	 0	 0	 0	
77	 0	 0	 0	 0	 0	 0	 0	 0	 0	 0	 0	 0	 0	 0	 0	 0	 0	 0	 0	 0	 0	 0	 0	 0	 0	 0	 0	 0	 0	 0	 0	 0	 0	 0	 0	s112	 0	 0	 0	 0	 0	 0	 0	 0	 0	 0	
78	 0	 0	 0	 0	 0	 0	 0	 0	 0	 0	 0	 0	 0	 0	 0	 0	 0	 0	 0	 0	 0	 0	 0	 0	 0	 0	 0	 0	 0	 0	 0	 0	 0	 0	 0	 0	r14	 0	 0	r14	r14	 0	r14	 0	 0	r14	
79	 0	 0	 0	 0	 0	 0	 0	 0	 0	 0	 0	 0	 0	 0	 0	 0	 0	 0	 0	 0	 0	 0	 0	 0	 0	 0	 0	 0	 0	 0	 0	 0	 0	 0	 0	 0	r34	 0	 0	r34	r34	 0	r34	 0	 0	r34	
80	 0	 0	s113	 0	 0	 0	 0	 0	 0	 0	 0	 0	 0	 0	 0	 0	 0	 0	 0	 0	 0	 0	 0	 0	 0	 0	 0	 0	 0	 0	 0	 0	 0	 0	 0	 0	 0	 0	 0	 0	 0	 0	 0	 0	 0	 0	
81	 0	 0	s114	 0	 0	 0	 0	 0	 0	 0	 0	 0	 0	 0	 0	 0	 0	 0	 0	 0	 0	 0	 0	 0	 0	 0	 0	 0	 0	 0	 0	 0	 0	 0	 0	 0	 0	 0	 0	 0	 0	 0	 0	 0	 0	 0	
82	 0	 0	 0	 0	 0	 0	 0	 0	 0	r36	 0	 0	 0	 0	 0	 0	 0	 0	 0	 0	 0	 0	 0	 0	 0	 0	 0	 0	 0	 0	 0	 0	 0	G115	 0	 0	 0	 0	 0	 0	 0	 0	 0	s55	 0	 0	
83	 0	 0	 0	 0	s57	 0	s58	 0	 0	r18	 0	 0	 0	 0	 0	 0	 0	 0	 0	 0	 0	 0	 0	 0	 0	 0	 0	 0	 0	 0	G116	 0	 0	 0	 0	 0	 0	 0	 0	 0	 0	 0	 0	r18	 0	 0	
84	 0	 0	 0	 0	s57	 0	s58	 0	 0	r19	 0	 0	 0	 0	 0	 0	 0	 0	 0	 0	 0	 0	 0	 0	 0	 0	 0	 0	 0	 0	G117	 0	 0	 0	 0	 0	 0	 0	 0	 0	 0	 0	 0	r19	 0	 0	
85	 0	 0	 0	s60	r24	 0	r24	s61	 0	r24	 0	 0	 0	 0	 0	 0	 0	 0	 0	 0	 0	 0	 0	 0	 0	 0	 0	 0	 0	 0	 0	G118	 0	 0	 0	 0	 0	 0	 0	 0	 0	 0	 0	r24	 0	 0	
86	 0	 0	 0	s60	r25	 0	r25	s61	 0	r25	 0	 0	 0	 0	 0	 0	 0	 0	 0	 0	 0	 0	 0	 0	 0	 0	 0	 0	 0	 0	 0	G119	 0	 0	 0	 0	 0	 0	 0	 0	 0	 0	 0	r25	 0	 0	
87	 0	 0	s120	 0	 0	 0	 0	 0	 0	 0	 0	 0	 0	 0	 0	 0	 0	 0	 0	 0	 0	 0	 0	 0	 0	 0	 0	 0	 0	 0	 0	 0	 0	 0	 0	 0	 0	 0	 0	 0	 0	 0	 0	 0	 0	 0	
88	 0	 0	 0	r45	r45	 0	r45	r45	 0	r45	 0	 0	 0	 0	 0	 0	 0	 0	 0	 0	 0	 0	 0	 0	 0	 0	 0	 0	 0	 0	 0	 0	 0	 0	 0	 0	 0	 0	 0	 0	 0	 0	 0	r45	 0	 0	
89	 0	 0	r46	 0	 0	 0	 0	 0	 0	 0	 0	 0	 0	 0	 0	 0	 0	 0	 0	 0	 0	 0	 0	 0	 0	 0	 0	 0	 0	 0	 0	 0	 0	 0	 0	 0	 0	 0	 0	 0	 0	 0	 0	 0	 0	 0	
90	 0	 0	r47	 0	 0	s122	 0	 0	 0	 0	 0	 0	 0	 0	 0	 0	 0	 0	 0	 0	 0	 0	 0	 0	 0	 0	 0	 0	 0	 0	 0	 0	 0	 0	G121	 0	 0	 0	 0	 0	 0	 0	 0	 0	 0	 0	
91	 0	 0	r15	 0	 0	r15	 0	 0	 0	 0	 0	 0	 0	 0	 0	 0	 0	 0	 0	 0	 0	 0	 0	 0	 0	 0	 0	 0	 0	 0	 0	 0	 0	G123	 0	 0	 0	 0	 0	 0	 0	 0	 0	s124	 0	 0	
92	 0	 0	r16	 0	s126	r16	s127	 0	 0	 0	 0	 0	 0	 0	 0	 0	 0	 0	 0	 0	 0	 0	 0	 0	 0	 0	 0	 0	 0	 0	G125	 0	 0	 0	 0	 0	 0	 0	 0	 0	 0	 0	 0	r16	 0	 0	
93	 0	 0	r22	s129	r22	r22	r22	s130	 0	 0	 0	 0	 0	 0	 0	 0	 0	 0	 0	 0	 0	 0	 0	 0	 0	 0	 0	 0	 0	 0	 0	G128	 0	 0	 0	 0	 0	 0	 0	 0	 0	 0	 0	r22	 0	 0	
94	 0	 0	r28	r28	r28	r28	r28	r28	 0	 0	 0	 0	 0	 0	 0	 0	 0	 0	 0	 0	 0	 0	 0	 0	 0	 0	 0	 0	 0	 0	 0	 0	 0	 0	 0	 0	 0	 0	 0	 0	 0	 0	 0	r28	 0	 0	
95	 0	s132	r29	r29	r29	r29	r29	r29	 0	 0	 0	 0	 0	 0	 0	 0	 0	 0	 0	 0	 0	 0	 0	 0	 0	G131	 0	 0	 0	 0	 0	 0	 0	 0	 0	 0	 0	 0	 0	 0	 0	 0	 0	r29	 0	 0	
96	 0	 0	r30	r30	r30	r30	r30	r30	 0	 0	 0	 0	 0	 0	 0	 0	 0	 0	 0	 0	 0	 0	 0	 0	 0	 0	 0	 0	 0	 0	 0	 0	 0	 0	 0	 0	 0	 0	 0	 0	 0	 0	 0	r30	 0	 0	
97	 0	s71	 0	 0	 0	 0	 0	 0	s68	 0	 0	 0	 0	 0	 0	 0	 0	 0	 0	 0	 0	 0	G65	G66	G67	 0	 0	 0	 0	G133	 0	 0	 0	 0	 0	s70	s69	 0	 0	 0	 0	 0	 0	 0	 0	 0	
98	 0	 0	 0	r32	r32	 0	r32	r32	 0	r32	 0	 0	 0	 0	 0	 0	 0	 0	 0	 0	 0	 0	 0	 0	 0	 0	 0	 0	 0	 0	 0	 0	 0	 0	 0	 0	 0	 0	 0	 0	 0	 0	 0	r32	 0	 0	
99	 0	 0	r35	 0	 0	 0	 0	 0	 0	 0	 0	 0	 0	 0	 0	 0	 0	 0	 0	 0	 0	 0	 0	 0	 0	 0	 0	 0	 0	 0	 0	 0	 0	 0	 0	 0	 0	 0	 0	 0	 0	 0	 0	 0	 0	 0	
100	 0	s71	 0	 0	 0	 0	 0	 0	s68	 0	 0	 0	 0	 0	 0	 0	 0	 0	 0	 0	 0	 0	G134	G66	G67	 0	 0	 0	 0	 0	 0	 0	 0	 0	 0	s70	s69	 0	 0	 0	 0	 0	 0	 0	 0	 0	
101	 0	 0	r17	 0	 0	 0	 0	 0	 0	 0	 0	 0	 0	 0	 0	 0	 0	 0	 0	 0	 0	 0	 0	 0	 0	 0	 0	 0	 0	 0	 0	 0	 0	 0	 0	 0	 0	 0	 0	 0	 0	 0	 0	r17	 0	 0	
102	 0	s71	 0	 0	 0	 0	 0	 0	s68	 0	 0	 0	 0	 0	 0	 0	 0	 0	 0	 0	 0	 0	 0	G135	G67	 0	 0	 0	 0	 0	 0	 0	 0	 0	 0	s70	s69	 0	 0	 0	 0	 0	 0	 0	 0	 0	
103	 0	s71	 0	 0	 0	 0	 0	 0	s68	 0	 0	 0	 0	 0	 0	 0	 0	 0	 0	 0	 0	 0	 0	G136	G67	 0	 0	 0	 0	 0	 0	 0	 0	 0	 0	s70	s69	 0	 0	 0	 0	 0	 0	 0	 0	 0	
104	 0	 0	r23	 0	r23	 0	r23	 0	 0	 0	 0	 0	 0	 0	 0	 0	 0	 0	 0	 0	 0	 0	 0	 0	 0	 0	 0	 0	 0	 0	 0	 0	 0	 0	 0	 0	 0	 0	 0	 0	 0	 0	 0	r23	 0	 0	
105	 0	s71	 0	 0	 0	 0	 0	 0	s68	 0	 0	 0	 0	 0	 0	 0	 0	 0	 0	 0	 0	 0	 0	 0	G137	 0	 0	 0	 0	 0	 0	 0	 0	 0	 0	s70	s69	 0	 0	 0	 0	 0	 0	 0	 0	 0	
106	 0	s71	 0	 0	 0	 0	 0	 0	s68	 0	 0	 0	 0	 0	 0	 0	 0	 0	 0	 0	 0	 0	 0	 0	G138	 0	 0	 0	 0	 0	 0	 0	 0	 0	 0	s70	s69	 0	 0	 0	 0	 0	 0	 0	 0	 0	
107	 0	 0	r31	r31	r31	 0	r31	r31	 0	 0	 0	 0	 0	 0	 0	 0	 0	 0	 0	 0	 0	 0	 0	 0	 0	 0	 0	 0	 0	 0	 0	 0	 0	 0	 0	 0	 0	 0	 0	 0	 0	 0	 0	r31	 0	 0	
108	 0	s97	s140	 0	 0	 0	 0	 0	s94	 0	 0	 0	 0	 0	 0	 0	 0	 0	 0	 0	 0	 0	G91	G92	G93	 0	 0	G89	G139	G90	 0	 0	 0	 0	 0	s96	s95	 0	 0	 0	 0	 0	 0	 0	 0	 0	
109	 0	 0	s141	 0	 0	 0	 0	 0	 0	 0	 0	 0	 0	 0	 0	 0	 0	 0	 0	 0	 0	 0	 0	 0	 0	 0	 0	 0	 0	 0	 0	 0	 0	 0	 0	 0	 0	 0	 0	 0	 0	 0	 0	 0	 0	 0	
110	 0	 0	 0	 0	 0	 0	 0	 0	 0	 0	 0	 0	G142	 0	 0	 0	G9	G13	G12	G10	G11	 0	 0	 0	 0	 0	 0	 0	 0	 0	 0	 0	 0	 0	 0	 0	s15	 0	 0	s14	s17	 0	s16	 0	s8	 0	
111	 0	 0	 0	 0	 0	 0	 0	 0	 0	 0	 0	 0	G143	 0	 0	 0	G145	G149	G148	G146	G147	 0	 0	 0	 0	 0	 0	 0	 0	 0	 0	 0	 0	 0	 0	 0	s151	 0	 0	s150	s153	 0	s152	 0	s144	 0	
112	 0	 0	 0	 0	 0	 0	 0	 0	 0	r9	 0	 0	 0	 0	 0	 0	 0	 0	 0	 0	 0	 0	 0	 0	 0	 0	 0	 0	 0	 0	 0	 0	 0	 0	 0	 0	 0	 0	 0	 0	 0	 0	 0	 0	 0	 0	
113	 0	 0	 0	 0	 0	 0	 0	 0	 0	 0	 0	 0	G154	 0	 0	 0	G156	G26	G25	G23	G24	 0	 0	 0	 0	 0	 0	 0	 0	 0	 0	 0	 0	 0	 0	 0	s28	 0	 0	s27	s30	 0	s29	 0	s155	 0	
114	 0	 0	 0	 0	 0	 0	 0	 0	 0	 0	 0	 0	G157	 0	 0	 0	G159	G163	G162	G160	G161	 0	 0	 0	 0	 0	 0	 0	 0	 0	 0	 0	 0	 0	 0	 0	s165	 0	 0	s164	s167	 0	s166	 0	s158	 0	
115	 0	 0	 0	 0	 0	 0	 0	 0	 0	r37	 0	 0	 0	 0	 0	 0	 0	 0	 0	 0	 0	 0	 0	 0	 0	 0	 0	 0	 0	 0	 0	 0	 0	 0	 0	 0	 0	 0	 0	 0	 0	 0	 0	 0	 0	 0	
116	 0	 0	 0	 0	 0	 0	 0	 0	 0	r20	 0	 0	 0	 0	 0	 0	 0	 0	 0	 0	 0	 0	 0	 0	 0	 0	 0	 0	 0	 0	 0	 0	 0	 0	 0	 0	 0	 0	 0	 0	 0	 0	 0	r20	 0	 0	
117	 0	 0	 0	 0	 0	 0	 0	 0	 0	r21	 0	 0	 0	 0	 0	 0	 0	 0	 0	 0	 0	 0	 0	 0	 0	 0	 0	 0	 0	 0	 0	 0	 0	 0	 0	 0	 0	 0	 0	 0	 0	 0	 0	r21	 0	 0	
118	 0	 0	 0	 0	r26	 0	r26	 0	 0	r26	 0	 0	 0	 0	 0	 0	 0	 0	 0	 0	 0	 0	 0	 0	 0	 0	 0	 0	 0	 0	 0	 0	 0	 0	 0	 0	 0	 0	 0	 0	 0	 0	 0	r26	 0	 0	
119	 0	 0	 0	 0	r27	 0	r27	 0	 0	r27	 0	 0	 0	 0	 0	 0	 0	 0	 0	 0	 0	 0	 0	 0	 0	 0	 0	 0	 0	 0	 0	 0	 0	 0	 0	 0	 0	 0	 0	 0	 0	 0	 0	r27	 0	 0	
120	 0	 0	 0	r44	r44	 0	r44	r44	 0	r44	 0	 0	 0	 0	 0	 0	 0	 0	 0	 0	 0	 0	 0	 0	 0	 0	 0	 0	 0	 0	 0	 0	 0	 0	 0	 0	 0	 0	 0	 0	 0	 0	 0	r44	 0	 0	
121	 0	 0	r48	 0	 0	 0	 0	 0	 0	 0	 0	 0	 0	 0	 0	 0	 0	 0	 0	 0	 0	 0	 0	 0	 0	 0	 0	 0	 0	 0	 0	 0	 0	 0	 0	 0	 0	 0	 0	 0	 0	 0	 0	 0	 0	 0	
122	 0	s97	 0	 0	 0	 0	 0	 0	s94	 0	 0	 0	 0	 0	 0	 0	 0	 0	 0	 0	 0	 0	G91	G92	G93	 0	 0	 0	 0	G168	 0	 0	 0	 0	 0	s96	s95	 0	 0	 0	 0	 0	 0	 0	 0	 0	
123	 0	 0	r35	 0	 0	r35	 0	 0	 0	 0	 0	 0	 0	 0	 0	 0	 0	 0	 0	 0	 0	 0	 0	 0	 0	 0	 0	 0	 0	 0	 0	 0	 0	 0	 0	 0	 0	 0	 0	 0	 0	 0	 0	 0	 0	 0	
124	 0	s97	 0	 0	 0	 0	 0	 0	s94	 0	 0	 0	 0	 0	 0	 0	 0	 0	 0	 0	 0	 0	G169	G92	G93	 0	 0	 0	 0	 0	 0	 0	 0	 0	 0	s96	s95	 0	 0	 0	 0	 0	 0	 0	 0	 0	
125	 0	 0	r17	 0	 0	r17	 0	 0	 0	 0	 0	 0	 0	 0	 0	 0	 0	 0	 0	 0	 0	 0	 0	 0	 0	 0	 0	 0	 0	 0	 0	 0	 0	 0	 0	 0	 0	 0	 0	 0	 0	 0	 0	r17	 0	 0	
126	 0	s97	 0	 0	 0	 0	 0	 0	s94	 0	 0	 0	 0	 0	 0	 0	 0	 0	 0	 0	 0	 0	 0	G170	G93	 0	 0	 0	 0	 0	 0	 0	 0	 0	 0	s96	s95	 0	 0	 0	 0	 0	 0	 0	 0	 0	
127	 0	s97	 0	 0	 0	 0	 0	 0	s94	 0	 0	 0	 0	 0	 0	 0	 0	 0	 0	 0	 0	 0	 0	G171	G93	 0	 0	 0	 0	 0	 0	 0	 0	 0	 0	s96	s95	 0	 0	 0	 0	 0	 0	 0	 0	 0	
128	 0	 0	r23	 0	r23	r23	r23	 0	 0	 0	 0	 0	 0	 0	 0	 0	 0	 0	 0	 0	 0	 0	 0	 0	 0	 0	 0	 0	 0	 0	 0	 0	 0	 0	 0	 0	 0	 0	 0	 0	 0	 0	 0	r23	 0	 0	
129	 0	s97	 0	 0	 0	 0	 0	 0	s94	 0	 0	 0	 0	 0	 0	 0	 0	 0	 0	 0	 0	 0	 0	 0	G172	 0	 0	 0	 0	 0	 0	 0	 0	 0	 0	s96	s95	 0	 0	 0	 0	 0	 0	 0	 0	 0	
130	 0	s97	 0	 0	 0	 0	 0	 0	s94	 0	 0	 0	 0	 0	 0	 0	 0	 0	 0	 0	 0	 0	 0	 0	G173	 0	 0	 0	 0	 0	 0	 0	 0	 0	 0	s96	s95	 0	 0	 0	 0	 0	 0	 0	 0	 0	
131	 0	 0	r31	r31	r31	r31	r31	r31	 0	 0	 0	 0	 0	 0	 0	 0	 0	 0	 0	 0	 0	 0	 0	 0	 0	 0	 0	 0	 0	 0	 0	 0	 0	 0	 0	 0	 0	 0	 0	 0	 0	 0	 0	r31	 0	 0	
132	 0	s97	s175	 0	 0	 0	 0	 0	s94	 0	 0	 0	 0	 0	 0	 0	 0	 0	 0	 0	 0	 0	G91	G92	G93	 0	 0	G89	G174	G90	 0	 0	 0	 0	 0	s96	s95	 0	 0	 0	 0	 0	 0	 0	 0	 0	
133	 0	 0	s176	 0	 0	 0	 0	 0	 0	 0	 0	 0	 0	 0	 0	 0	 0	 0	 0	 0	 0	 0	 0	 0	 0	 0	 0	 0	 0	 0	 0	 0	 0	 0	 0	 0	 0	 0	 0	 0	 0	 0	 0	 0	 0	 0	
134	 0	 0	r36	 0	 0	 0	 0	 0	 0	 0	 0	 0	 0	 0	 0	 0	 0	 0	 0	 0	 0	 0	 0	 0	 0	 0	 0	 0	 0	 0	 0	 0	 0	G177	 0	 0	 0	 0	 0	 0	 0	 0	 0	s100	 0	 0	
135	 0	 0	r18	 0	s102	 0	s103	 0	 0	 0	 0	 0	 0	 0	 0	 0	 0	 0	 0	 0	 0	 0	 0	 0	 0	 0	 0	 0	 0	 0	G178	 0	 0	 0	 0	 0	 0	 0	 0	 0	 0	 0	 0	r18	 0	 0	
136	 0	 0	r19	 0	s102	 0	s103	 0	 0	 0	 0	 0	 0	 0	 0	 0	 0	 0	 0	 0	 0	 0	 0	 0	 0	 0	 0	 0	 0	 0	G179	 0	 0	 0	 0	 0	 0	 0	 0	 0	 0	 0	 0	r19	 0	 0	
137	 0	 0	r24	s105	r24	 0	r24	s106	 0	 0	 0	 0	 0	 0	 0	 0	 0	 0	 0	 0	 0	 0	 0	 0	 0	 0	 0	 0	 0	 0	 0	G180	 0	 0	 0	 0	 0	 0	 0	 0	 0	 0	 0	r24	 0	 0	
138	 0	 0	r25	s105	r25	 0	r25	s106	 0	 0	 0	 0	 0	 0	 0	 0	 0	 0	 0	 0	 0	 0	 0	 0	 0	 0	 0	 0	 0	 0	 0	G181	 0	 0	 0	 0	 0	 0	 0	 0	 0	 0	 0	r25	 0	 0	
139	 0	 0	s182	 0	 0	 0	 0	 0	 0	 0	 0	 0	 0	 0	 0	 0	 0	 0	 0	 0	 0	 0	 0	 0	 0	 0	 0	 0	 0	 0	 0	 0	 0	 0	 0	 0	 0	 0	 0	 0	 0	 0	 0	 0	 0	 0	
140	 0	 0	r45	r45	r45	 0	r45	r45	 0	 0	 0	 0	 0	 0	 0	 0	 0	 0	 0	 0	 0	 0	 0	 0	 0	 0	 0	 0	 0	 0	 0	 0	 0	 0	 0	 0	 0	 0	 0	 0	 0	 0	 0	r45	 0	 0	
141	 0	 0	r32	r32	r32	 0	r32	r32	 0	 0	 0	 0	 0	 0	 0	 0	 0	 0	 0	 0	 0	 0	 0	 0	 0	 0	 0	 0	 0	 0	 0	 0	 0	 0	 0	 0	 0	 0	 0	 0	 0	 0	 0	r32	 0	 0	
142	r39	 0	 0	 0	 0	 0	 0	 0	 0	 0	 0	 0	 0	 0	 0	 0	 0	 0	 0	 0	 0	 0	 0	 0	 0	 0	 0	 0	 0	 0	 0	 0	 0	 0	 0	 0	 0	 0	 0	 0	 0	 0	 0	 0	 0	 0	
143	r41	 0	 0	 0	 0	 0	 0	 0	 0	 0	 0	 0	 0	 0	 0	 0	 0	 0	 0	 0	 0	 0	 0	 0	 0	 0	 0	 0	 0	 0	 0	 0	G183	 0	 0	 0	 0	 0	 0	 0	 0	s184	 0	 0	 0	 0	
144	 0	 0	 0	 0	 0	 0	 0	 0	 0	 0	 0	 0	 0	G185	G186	G20	G21	G26	G25	G23	G24	 0	 0	 0	 0	 0	 0	 0	 0	 0	 0	 0	 0	 0	 0	 0	s28	s22	 0	s27	s30	 0	s29	 0	 0	 0	
145	r5	 0	 0	 0	 0	 0	 0	 0	 0	 0	 0	 0	 0	 0	 0	 0	 0	 0	 0	 0	 0	 0	 0	 0	 0	 0	 0	 0	 0	 0	 0	 0	 0	 0	 0	 0	 0	 0	 0	 0	 0	r5	 0	 0	 0	 0	
146	r12	 0	 0	 0	 0	 0	 0	 0	 0	 0	 0	 0	 0	 0	 0	 0	 0	 0	 0	 0	 0	 0	 0	 0	 0	 0	 0	 0	 0	 0	 0	 0	 0	 0	 0	 0	 0	 0	 0	 0	 0	r12	 0	 0	 0	 0	
147	r33	 0	 0	 0	 0	 0	 0	 0	 0	 0	 0	 0	 0	 0	 0	 0	 0	 0	 0	 0	 0	 0	 0	 0	 0	 0	 0	 0	 0	 0	 0	 0	 0	 0	 0	 0	 0	 0	 0	 0	 0	r33	 0	 0	 0	 0	
148	r38	 0	 0	 0	 0	 0	 0	 0	 0	 0	 0	 0	 0	 0	 0	 0	 0	 0	 0	 0	 0	 0	 0	 0	 0	 0	 0	 0	 0	 0	 0	 0	 0	 0	 0	 0	 0	 0	 0	 0	 0	r38	 0	 0	 0	 0	
149	r40	 0	 0	 0	 0	 0	 0	 0	 0	 0	 0	 0	 0	 0	 0	 0	 0	 0	 0	 0	 0	 0	 0	 0	 0	 0	 0	 0	 0	 0	 0	 0	 0	 0	 0	 0	 0	 0	 0	 0	 0	r40	 0	 0	 0	 0	
150	 0	s39	 0	 0	 0	 0	 0	 0	s36	 0	 0	 0	 0	 0	 0	 0	 0	 0	 0	 0	 0	G187	G33	G34	G35	 0	 0	 0	 0	G188	 0	 0	 0	 0	 0	s38	s37	 0	 0	 0	 0	 0	 0	 0	 0	 0	
151	 0	 0	 0	 0	 0	 0	 0	 0	 0	 0	s189	 0	 0	 0	 0	 0	 0	 0	 0	 0	 0	 0	 0	 0	 0	 0	 0	 0	 0	 0	 0	 0	 0	 0	 0	 0	 0	 0	 0	 0	 0	 0	 0	 0	 0	 0	
152	 0	s190	 0	 0	 0	 0	 0	 0	 0	 0	 0	 0	 0	 0	 0	 0	 0	 0	 0	 0	 0	 0	 0	 0	 0	 0	 0	 0	 0	 0	 0	 0	 0	 0	 0	 0	 0	 0	 0	 0	 0	 0	 0	 0	 0	 0	
153	 0	s191	 0	 0	 0	 0	 0	 0	 0	 0	 0	 0	 0	 0	 0	 0	 0	 0	 0	 0	 0	 0	 0	 0	 0	 0	 0	 0	 0	 0	 0	 0	 0	 0	 0	 0	 0	 0	 0	 0	 0	 0	 0	 0	 0	 0	
154	 0	 0	 0	 0	 0	 0	 0	 0	 0	 0	 0	 0	 0	 0	 0	 0	 0	 0	 0	 0	 0	 0	 0	 0	 0	 0	 0	 0	 0	 0	 0	 0	 0	 0	 0	 0	r39	 0	 0	r39	r39	 0	r39	 0	 0	r39	
155	 0	 0	 0	 0	 0	 0	 0	 0	 0	 0	 0	 0	 0	G192	G193	G20	G21	G26	G25	G23	G24	 0	 0	 0	 0	 0	 0	 0	 0	 0	 0	 0	 0	 0	 0	 0	s28	s22	 0	s27	s30	 0	s29	 0	 0	 0	
156	 0	 0	 0	 0	 0	 0	 0	 0	 0	 0	 0	 0	 0	 0	 0	 0	 0	 0	 0	 0	 0	 0	 0	 0	 0	 0	 0	 0	 0	 0	 0	 0	 0	 0	 0	 0	r5	 0	 0	r5	r5	 0	r5	 0	 0	r5	
157	 0	 0	 0	 0	 0	 0	 0	 0	 0	 0	 0	 0	 0	 0	 0	 0	 0	 0	 0	 0	 0	 0	 0	 0	 0	 0	 0	 0	 0	 0	 0	 0	G194	 0	 0	 0	r41	 0	 0	r41	r41	s195	r41	 0	 0	r41	
158	 0	 0	 0	 0	 0	 0	 0	 0	 0	 0	 0	 0	 0	G196	G197	G20	G21	G26	G25	G23	G24	 0	 0	 0	 0	 0	 0	 0	 0	 0	 0	 0	 0	 0	 0	 0	s28	s22	 0	s27	s30	 0	s29	 0	 0	 0	
159	 0	 0	 0	 0	 0	 0	 0	 0	 0	 0	 0	 0	 0	 0	 0	 0	 0	 0	 0	 0	 0	 0	 0	 0	 0	 0	 0	 0	 0	 0	 0	 0	 0	 0	 0	 0	r5	 0	 0	r5	r5	r5	r5	 0	 0	r5	
160	 0	 0	 0	 0	 0	 0	 0	 0	 0	 0	 0	 0	 0	 0	 0	 0	 0	 0	 0	 0	 0	 0	 0	 0	 0	 0	 0	 0	 0	 0	 0	 0	 0	 0	 0	 0	r12	 0	 0	r12	r12	r12	r12	 0	 0	r12	
161	 0	 0	 0	 0	 0	 0	 0	 0	 0	 0	 0	 0	 0	 0	 0	 0	 0	 0	 0	 0	 0	 0	 0	 0	 0	 0	 0	 0	 0	 0	 0	 0	 0	 0	 0	 0	r33	 0	 0	r33	r33	r33	r33	 0	 0	r33	
162	 0	 0	 0	 0	 0	 0	 0	 0	 0	 0	 0	 0	 0	 0	 0	 0	 0	 0	 0	 0	 0	 0	 0	 0	 0	 0	 0	 0	 0	 0	 0	 0	 0	 0	 0	 0	r38	 0	 0	r38	r38	r38	r38	 0	 0	r38	
163	 0	 0	 0	 0	 0	 0	 0	 0	 0	 0	 0	 0	 0	 0	 0	 0	 0	 0	 0	 0	 0	 0	 0	 0	 0	 0	 0	 0	 0	 0	 0	 0	 0	 0	 0	 0	r40	 0	 0	r40	r40	r40	r40	 0	 0	r40	
164	 0	s39	 0	 0	 0	 0	 0	 0	s36	 0	 0	 0	 0	 0	 0	 0	 0	 0	 0	 0	 0	G198	G33	G34	G35	 0	 0	 0	 0	G199	 0	 0	 0	 0	 0	s38	s37	 0	 0	 0	 0	 0	 0	 0	 0	 0	
165	 0	 0	 0	 0	 0	 0	 0	 0	 0	 0	s200	 0	 0	 0	 0	 0	 0	 0	 0	 0	 0	 0	 0	 0	 0	 0	 0	 0	 0	 0	 0	 0	 0	 0	 0	 0	 0	 0	 0	 0	 0	 0	 0	 0	 0	 0	
166	 0	s201	 0	 0	 0	 0	 0	 0	 0	 0	 0	 0	 0	 0	 0	 0	 0	 0	 0	 0	 0	 0	 0	 0	 0	 0	 0	 0	 0	 0	 0	 0	 0	 0	 0	 0	 0	 0	 0	 0	 0	 0	 0	 0	 0	 0	
167	 0	s202	 0	 0	 0	 0	 0	 0	 0	 0	 0	 0	 0	 0	 0	 0	 0	 0	 0	 0	 0	 0	 0	 0	 0	 0	 0	 0	 0	 0	 0	 0	 0	 0	 0	 0	 0	 0	 0	 0	 0	 0	 0	 0	 0	 0	
168	 0	 0	r49	 0	 0	s122	 0	 0	 0	 0	 0	 0	 0	 0	 0	 0	 0	 0	 0	 0	 0	 0	 0	 0	 0	 0	 0	 0	 0	 0	 0	 0	 0	 0	G203	 0	 0	 0	 0	 0	 0	 0	 0	 0	 0	 0	
169	 0	 0	r36	 0	 0	r36	 0	 0	 0	 0	 0	 0	 0	 0	 0	 0	 0	 0	 0	 0	 0	 0	 0	 0	 0	 0	 0	 0	 0	 0	 0	 0	 0	G204	 0	 0	 0	 0	 0	 0	 0	 0	 0	s124	 0	 0	
170	 0	 0	r18	 0	s126	r18	s127	 0	 0	 0	 0	 0	 0	 0	 0	 0	 0	 0	 0	 0	 0	 0	 0	 0	 0	 0	 0	 0	 0	 0	G205	 0	 0	 0	 0	 0	 0	 0	 0	 0	 0	 0	 0	r18	 0	 0	
171	 0	 0	r19	 0	s126	r19	s127	 0	 0	 0	 0	 0	 0	 0	 0	 0	 0	 0	 0	 0	 0	 0	 0	 0	 0	 0	 0	 0	 0	 0	G206	 0	 0	 0	 0	 0	 0	 0	 0	 0	 0	 0	 0	r19	 0	 0	
172	 0	 0	r24	s129	r24	r24	r24	s130	 0	 0	 0	 0	 0	 0	 0	 0	 0	 0	 0	 0	 0	 0	 0	 0	 0	 0	 0	 0	 0	 0	 0	G207	 0	 0	 0	 0	 0	 0	 0	 0	 0	 0	 0	r24	 0	 0	
173	 0	 0	r25	s129	r25	r25	r25	s130	 0	 0	 0	 0	 0	 0	 0	 0	 0	 0	 0	 0	 0	 0	 0	 0	 0	 0	 0	 0	 0	 0	 0	G208	 0	 0	 0	 0	 0	 0	 0	 0	 0	 0	 0	r25	 0	 0	
174	 0	 0	s209	 0	 0	 0	 0	 0	 0	 0	 0	 0	 0	 0	 0	 0	 0	 0	 0	 0	 0	 0	 0	 0	 0	 0	 0	 0	 0	 0	 0	 0	 0	 0	 0	 0	 0	 0	 0	 0	 0	 0	 0	 0	 0	 0	
175	 0	 0	r45	r45	r45	r45	r45	r45	 0	 0	 0	 0	 0	 0	 0	 0	 0	 0	 0	 0	 0	 0	 0	 0	 0	 0	 0	 0	 0	 0	 0	 0	 0	 0	 0	 0	 0	 0	 0	 0	 0	 0	 0	r45	 0	 0	
176	 0	 0	r32	r32	r32	r32	r32	r32	 0	 0	 0	 0	 0	 0	 0	 0	 0	 0	 0	 0	 0	 0	 0	 0	 0	 0	 0	 0	 0	 0	 0	 0	 0	 0	 0	 0	 0	 0	 0	 0	 0	 0	 0	r32	 0	 0	
177	 0	 0	r37	 0	 0	 0	 0	 0	 0	 0	 0	 0	 0	 0	 0	 0	 0	 0	 0	 0	 0	 0	 0	 0	 0	 0	 0	 0	 0	 0	 0	 0	 0	 0	 0	 0	 0	 0	 0	 0	 0	 0	 0	 0	 0	 0	
178	 0	 0	r20	 0	 0	 0	 0	 0	 0	 0	 0	 0	 0	 0	 0	 0	 0	 0	 0	 0	 0	 0	 0	 0	 0	 0	 0	 0	 0	 0	 0	 0	 0	 0	 0	 0	 0	 0	 0	 0	 0	 0	 0	r20	 0	 0	
179	 0	 0	r21	 0	 0	 0	 0	 0	 0	 0	 0	 0	 0	 0	 0	 0	 0	 0	 0	 0	 0	 0	 0	 0	 0	 0	 0	 0	 0	 0	 0	 0	 0	 0	 0	 0	 0	 0	 0	 0	 0	 0	 0	r21	 0	 0	
180	 0	 0	r26	 0	r26	 0	r26	 0	 0	 0	 0	 0	 0	 0	 0	 0	 0	 0	 0	 0	 0	 0	 0	 0	 0	 0	 0	 0	 0	 0	 0	 0	 0	 0	 0	 0	 0	 0	 0	 0	 0	 0	 0	r26	 0	 0	
181	 0	 0	r27	 0	r27	 0	r27	 0	 0	 0	 0	 0	 0	 0	 0	 0	 0	 0	 0	 0	 0	 0	 0	 0	 0	 0	 0	 0	 0	 0	 0	 0	 0	 0	 0	 0	 0	 0	 0	 0	 0	 0	 0	r27	 0	 0	
182	 0	 0	r44	r44	r44	 0	r44	r44	 0	 0	 0	 0	 0	 0	 0	 0	 0	 0	 0	 0	 0	 0	 0	 0	 0	 0	 0	 0	 0	 0	 0	 0	 0	 0	 0	 0	 0	 0	 0	 0	 0	 0	 0	r44	 0	 0	
183	r42	 0	 0	 0	 0	 0	 0	 0	 0	 0	 0	 0	 0	 0	 0	 0	 0	 0	 0	 0	 0	 0	 0	 0	 0	 0	 0	 0	 0	 0	 0	 0	 0	 0	 0	 0	 0	 0	 0	 0	 0	 0	 0	 0	 0	 0	
184	 0	 0	 0	 0	 0	 0	 0	 0	 0	 0	 0	 0	G210	 0	 0	 0	G9	G13	G12	G10	G11	 0	 0	 0	 0	 0	 0	 0	 0	 0	 0	 0	 0	 0	 0	 0	s15	 0	 0	s14	s17	 0	s16	 0	s8	 0	
185	 0	 0	 0	 0	 0	 0	 0	 0	 0	 0	 0	 0	 0	 0	G211	 0	G21	G26	G25	G23	G24	 0	 0	 0	 0	 0	 0	 0	 0	 0	 0	 0	 0	 0	 0	 0	s28	 0	 0	s27	s30	 0	s29	 0	 0	 0	
186	 0	 0	 0	 0	 0	 0	 0	 0	 0	 0	 0	 0	 0	 0	 0	 0	 0	 0	 0	 0	 0	 0	 0	 0	 0	 0	 0	 0	 0	 0	 0	 0	 0	 0	 0	 0	 0	 0	 0	 0	 0	 0	 0	 0	 0	s212	
187	r13	 0	 0	 0	 0	 0	 0	 0	 0	 0	 0	 0	 0	 0	 0	 0	 0	 0	 0	 0	 0	 0	 0	 0	 0	 0	 0	 0	 0	 0	 0	 0	 0	 0	 0	 0	 0	 0	 0	 0	 0	r13	 0	 0	 0	 0	
188	 0	 0	 0	 0	 0	 0	 0	 0	 0	s213	 0	 0	 0	 0	 0	 0	 0	 0	 0	 0	 0	 0	 0	 0	 0	 0	 0	 0	 0	 0	 0	 0	 0	 0	 0	 0	 0	 0	 0	 0	 0	 0	 0	 0	 0	 0	
189	 0	s39	 0	 0	 0	 0	 0	 0	s36	 0	 0	 0	 0	 0	 0	 0	 0	 0	 0	 0	 0	G214	G33	G34	G35	 0	 0	 0	 0	G188	 0	 0	 0	 0	 0	s38	s37	 0	 0	 0	 0	 0	 0	 0	 0	 0	
190	 0	s71	 0	 0	 0	 0	 0	 0	s68	 0	 0	 0	 0	 0	 0	 0	 0	 0	 0	 0	 0	 0	G65	G66	G67	 0	 0	 0	 0	G215	 0	 0	 0	 0	 0	s70	s69	 0	 0	 0	 0	 0	 0	 0	 0	 0	
191	 0	s71	 0	 0	 0	 0	 0	 0	s68	 0	 0	 0	 0	 0	 0	 0	 0	 0	 0	 0	 0	 0	G65	G66	G67	 0	 0	 0	 0	G216	 0	 0	 0	 0	 0	s70	s69	 0	 0	 0	 0	 0	 0	 0	 0	 0	
192	 0	 0	 0	 0	 0	 0	 0	 0	 0	 0	 0	 0	 0	 0	G217	 0	G21	G26	G25	G23	G24	 0	 0	 0	 0	 0	 0	 0	 0	 0	 0	 0	 0	 0	 0	 0	s28	 0	 0	s27	s30	 0	s29	 0	 0	 0	
193	 0	 0	 0	 0	 0	 0	 0	 0	 0	 0	 0	 0	 0	 0	 0	 0	 0	 0	 0	 0	 0	 0	 0	 0	 0	 0	 0	 0	 0	 0	 0	 0	 0	 0	 0	 0	 0	 0	 0	 0	 0	 0	 0	 0	 0	s218	
194	 0	 0	 0	 0	 0	 0	 0	 0	 0	 0	 0	 0	 0	 0	 0	 0	 0	 0	 0	 0	 0	 0	 0	 0	 0	 0	 0	 0	 0	 0	 0	 0	 0	 0	 0	 0	r42	 0	 0	r42	r42	 0	r42	 0	 0	r42	
195	 0	 0	 0	 0	 0	 0	 0	 0	 0	 0	 0	 0	G219	 0	 0	 0	G156	G26	G25	G23	G24	 0	 0	 0	 0	 0	 0	 0	 0	 0	 0	 0	 0	 0	 0	 0	s28	 0	 0	s27	s30	 0	s29	 0	s155	 0	
196	 0	 0	 0	 0	 0	 0	 0	 0	 0	 0	 0	 0	 0	 0	G220	 0	G21	G26	G25	G23	G24	 0	 0	 0	 0	 0	 0	 0	 0	 0	 0	 0	 0	 0	 0	 0	s28	 0	 0	s27	s30	 0	s29	 0	 0	 0	
197	 0	 0	 0	 0	 0	 0	 0	 0	 0	 0	 0	 0	 0	 0	 0	 0	 0	 0	 0	 0	 0	 0	 0	 0	 0	 0	 0	 0	 0	 0	 0	 0	 0	 0	 0	 0	 0	 0	 0	 0	 0	 0	 0	 0	 0	s221	
198	 0	 0	 0	 0	 0	 0	 0	 0	 0	 0	 0	 0	 0	 0	 0	 0	 0	 0	 0	 0	 0	 0	 0	 0	 0	 0	 0	 0	 0	 0	 0	 0	 0	 0	 0	 0	r13	 0	 0	r13	r13	r13	r13	 0	 0	r13	
199	 0	 0	 0	 0	 0	 0	 0	 0	 0	s222	 0	 0	 0	 0	 0	 0	 0	 0	 0	 0	 0	 0	 0	 0	 0	 0	 0	 0	 0	 0	 0	 0	 0	 0	 0	 0	 0	 0	 0	 0	 0	 0	 0	 0	 0	 0	
200	 0	s39	 0	 0	 0	 0	 0	 0	s36	 0	 0	 0	 0	 0	 0	 0	 0	 0	 0	 0	 0	G223	G33	G34	G35	 0	 0	 0	 0	G199	 0	 0	 0	 0	 0	s38	s37	 0	 0	 0	 0	 0	 0	 0	 0	 0	
201	 0	s71	 0	 0	 0	 0	 0	 0	s68	 0	 0	 0	 0	 0	 0	 0	 0	 0	 0	 0	 0	 0	G65	G66	G67	 0	 0	 0	 0	G224	 0	 0	 0	 0	 0	s70	s69	 0	 0	 0	 0	 0	 0	 0	 0	 0	
202	 0	s71	 0	 0	 0	 0	 0	 0	s68	 0	 0	 0	 0	 0	 0	 0	 0	 0	 0	 0	 0	 0	G65	G66	G67	 0	 0	 0	 0	G225	 0	 0	 0	 0	 0	s70	s69	 0	 0	 0	 0	 0	 0	 0	 0	 0	
203	 0	 0	r50	 0	 0	 0	 0	 0	 0	 0	 0	 0	 0	 0	 0	 0	 0	 0	 0	 0	 0	 0	 0	 0	 0	 0	 0	 0	 0	 0	 0	 0	 0	 0	 0	 0	 0	 0	 0	 0	 0	 0	 0	 0	 0	 0	
204	 0	 0	r37	 0	 0	r37	 0	 0	 0	 0	 0	 0	 0	 0	 0	 0	 0	 0	 0	 0	 0	 0	 0	 0	 0	 0	 0	 0	 0	 0	 0	 0	 0	 0	 0	 0	 0	 0	 0	 0	 0	 0	 0	 0	 0	 0	
205	 0	 0	r20	 0	 0	r20	 0	 0	 0	 0	 0	 0	 0	 0	 0	 0	 0	 0	 0	 0	 0	 0	 0	 0	 0	 0	 0	 0	 0	 0	 0	 0	 0	 0	 0	 0	 0	 0	 0	 0	 0	 0	 0	r20	 0	 0	
206	 0	 0	r21	 0	 0	r21	 0	 0	 0	 0	 0	 0	 0	 0	 0	 0	 0	 0	 0	 0	 0	 0	 0	 0	 0	 0	 0	 0	 0	 0	 0	 0	 0	 0	 0	 0	 0	 0	 0	 0	 0	 0	 0	r21	 0	 0	
207	 0	 0	r26	 0	r26	r26	r26	 0	 0	 0	 0	 0	 0	 0	 0	 0	 0	 0	 0	 0	 0	 0	 0	 0	 0	 0	 0	 0	 0	 0	 0	 0	 0	 0	 0	 0	 0	 0	 0	 0	 0	 0	 0	r26	 0	 0	
208	 0	 0	r27	 0	r27	r27	r27	 0	 0	 0	 0	 0	 0	 0	 0	 0	 0	 0	 0	 0	 0	 0	 0	 0	 0	 0	 0	 0	 0	 0	 0	 0	 0	 0	 0	 0	 0	 0	 0	 0	 0	 0	 0	r27	 0	 0	
209	 0	 0	r44	r44	r44	r44	r44	r44	 0	 0	 0	 0	 0	 0	 0	 0	 0	 0	 0	 0	 0	 0	 0	 0	 0	 0	 0	 0	 0	 0	 0	 0	 0	 0	 0	 0	 0	 0	 0	 0	 0	 0	 0	r44	 0	 0	
210	r43	 0	 0	 0	 0	 0	 0	 0	 0	 0	 0	 0	 0	 0	 0	 0	 0	 0	 0	 0	 0	 0	 0	 0	 0	 0	 0	 0	 0	 0	 0	 0	 0	 0	 0	 0	 0	 0	 0	 0	 0	 0	 0	 0	 0	 0	
211	 0	 0	 0	 0	 0	 0	 0	 0	 0	 0	 0	 0	 0	 0	 0	 0	 0	 0	 0	 0	 0	 0	 0	 0	 0	 0	 0	 0	 0	 0	 0	 0	 0	 0	 0	 0	 0	 0	 0	 0	 0	 0	 0	 0	 0	s226	
212	r4	 0	 0	 0	 0	 0	 0	 0	 0	 0	 0	 0	 0	 0	 0	 0	 0	 0	 0	 0	 0	 0	 0	 0	 0	 0	 0	 0	 0	 0	 0	 0	 0	 0	 0	 0	 0	 0	 0	 0	 0	r4	 0	 0	 0	 0	
213	r14	 0	 0	 0	 0	 0	 0	 0	 0	 0	 0	 0	 0	 0	 0	 0	 0	 0	 0	 0	 0	 0	 0	 0	 0	 0	 0	 0	 0	 0	 0	 0	 0	 0	 0	 0	 0	 0	 0	 0	 0	r14	 0	 0	 0	 0	
214	r34	 0	 0	 0	 0	 0	 0	 0	 0	 0	 0	 0	 0	 0	 0	 0	 0	 0	 0	 0	 0	 0	 0	 0	 0	 0	 0	 0	 0	 0	 0	 0	 0	 0	 0	 0	 0	 0	 0	 0	 0	r34	 0	 0	 0	 0	
215	 0	 0	s227	 0	 0	 0	 0	 0	 0	 0	 0	 0	 0	 0	 0	 0	 0	 0	 0	 0	 0	 0	 0	 0	 0	 0	 0	 0	 0	 0	 0	 0	 0	 0	 0	 0	 0	 0	 0	 0	 0	 0	 0	 0	 0	 0	
216	 0	 0	s228	 0	 0	 0	 0	 0	 0	 0	 0	 0	 0	 0	 0	 0	 0	 0	 0	 0	 0	 0	 0	 0	 0	 0	 0	 0	 0	 0	 0	 0	 0	 0	 0	 0	 0	 0	 0	 0	 0	 0	 0	 0	 0	 0	
217	 0	 0	 0	 0	 0	 0	 0	 0	 0	 0	 0	 0	 0	 0	 0	 0	 0	 0	 0	 0	 0	 0	 0	 0	 0	 0	 0	 0	 0	 0	 0	 0	 0	 0	 0	 0	 0	 0	 0	 0	 0	 0	 0	 0	 0	s229	
218	 0	 0	 0	 0	 0	 0	 0	 0	 0	 0	 0	 0	 0	 0	 0	 0	 0	 0	 0	 0	 0	 0	 0	 0	 0	 0	 0	 0	 0	 0	 0	 0	 0	 0	 0	 0	r4	 0	 0	r4	r4	 0	r4	 0	 0	r4	
219	 0	 0	 0	 0	 0	 0	 0	 0	 0	 0	 0	 0	 0	 0	 0	 0	 0	 0	 0	 0	 0	 0	 0	 0	 0	 0	 0	 0	 0	 0	 0	 0	 0	 0	 0	 0	r43	 0	 0	r43	r43	 0	r43	 0	 0	r43	
220	 0	 0	 0	 0	 0	 0	 0	 0	 0	 0	 0	 0	 0	 0	 0	 0	 0	 0	 0	 0	 0	 0	 0	 0	 0	 0	 0	 0	 0	 0	 0	 0	 0	 0	 0	 0	 0	 0	 0	 0	 0	 0	 0	 0	 0	s230	
221	 0	 0	 0	 0	 0	 0	 0	 0	 0	 0	 0	 0	 0	 0	 0	 0	 0	 0	 0	 0	 0	 0	 0	 0	 0	 0	 0	 0	 0	 0	 0	 0	 0	 0	 0	 0	r4	 0	 0	r4	r4	r4	r4	 0	 0	r4	
222	 0	 0	 0	 0	 0	 0	 0	 0	 0	 0	 0	 0	 0	 0	 0	 0	 0	 0	 0	 0	 0	 0	 0	 0	 0	 0	 0	 0	 0	 0	 0	 0	 0	 0	 0	 0	r14	 0	 0	r14	r14	r14	r14	 0	 0	r14	
223	 0	 0	 0	 0	 0	 0	 0	 0	 0	 0	 0	 0	 0	 0	 0	 0	 0	 0	 0	 0	 0	 0	 0	 0	 0	 0	 0	 0	 0	 0	 0	 0	 0	 0	 0	 0	r34	 0	 0	r34	r34	r34	r34	 0	 0	r34	
224	 0	 0	s231	 0	 0	 0	 0	 0	 0	 0	 0	 0	 0	 0	 0	 0	 0	 0	 0	 0	 0	 0	 0	 0	 0	 0	 0	 0	 0	 0	 0	 0	 0	 0	 0	 0	 0	 0	 0	 0	 0	 0	 0	 0	 0	 0	
225	 0	 0	s232	 0	 0	 0	 0	 0	 0	 0	 0	 0	 0	 0	 0	 0	 0	 0	 0	 0	 0	 0	 0	 0	 0	 0	 0	 0	 0	 0	 0	 0	 0	 0	 0	 0	 0	 0	 0	 0	 0	 0	 0	 0	 0	 0	
226	r3	 0	 0	 0	 0	 0	 0	 0	 0	 0	 0	 0	 0	 0	 0	 0	 0	 0	 0	 0	 0	 0	 0	 0	 0	 0	 0	 0	 0	 0	 0	 0	 0	 0	 0	 0	 0	 0	 0	 0	 0	r3	 0	 0	 0	 0	
227	 0	 0	 0	 0	 0	 0	 0	 0	 0	 0	 0	 0	G233	 0	 0	 0	G145	G149	G148	G146	G147	 0	 0	 0	 0	 0	 0	 0	 0	 0	 0	 0	 0	 0	 0	 0	s151	 0	 0	s150	s153	 0	s152	 0	s144	 0	
228	 0	 0	 0	 0	 0	 0	 0	 0	 0	 0	 0	 0	G234	 0	 0	 0	G145	G149	G148	G146	G147	 0	 0	 0	 0	 0	 0	 0	 0	 0	 0	 0	 0	 0	 0	 0	s151	 0	 0	s150	s153	 0	s152	 0	s144	 0	
229	 0	 0	 0	 0	 0	 0	 0	 0	 0	 0	 0	 0	 0	 0	 0	 0	 0	 0	 0	 0	 0	 0	 0	 0	 0	 0	 0	 0	 0	 0	 0	 0	 0	 0	 0	 0	r3	 0	 0	r3	r3	 0	r3	 0	 0	r3	
230	 0	 0	 0	 0	 0	 0	 0	 0	 0	 0	 0	 0	 0	 0	 0	 0	 0	 0	 0	 0	 0	 0	 0	 0	 0	 0	 0	 0	 0	 0	 0	 0	 0	 0	 0	 0	r3	 0	 0	r3	r3	r3	r3	 0	 0	r3	
231	 0	 0	 0	 0	 0	 0	 0	 0	 0	 0	 0	 0	G235	 0	 0	 0	G159	G163	G162	G160	G161	 0	 0	 0	 0	 0	 0	 0	 0	 0	 0	 0	 0	 0	 0	 0	s165	 0	 0	s164	s167	 0	s166	 0	s158	 0	
232	 0	 0	 0	 0	 0	 0	 0	 0	 0	 0	 0	 0	G236	 0	 0	 0	G159	G163	G162	G160	G161	 0	 0	 0	 0	 0	 0	 0	 0	 0	 0	 0	 0	 0	 0	 0	s165	 0	 0	s164	s167	 0	s166	 0	s158	 0	
233	r39	 0	 0	 0	 0	 0	 0	 0	 0	 0	 0	 0	 0	 0	 0	 0	 0	 0	 0	 0	 0	 0	 0	 0	 0	 0	 0	 0	 0	 0	 0	 0	 0	 0	 0	 0	 0	 0	 0	 0	 0	r39	 0	 0	 0	 0	
234	r41	 0	 0	 0	 0	 0	 0	 0	 0	 0	 0	 0	 0	 0	 0	 0	 0	 0	 0	 0	 0	 0	 0	 0	 0	 0	 0	 0	 0	 0	 0	 0	G237	 0	 0	 0	 0	 0	 0	 0	 0	s238	 0	 0	 0	 0	
235	 0	 0	 0	 0	 0	 0	 0	 0	 0	 0	 0	 0	 0	 0	 0	 0	 0	 0	 0	 0	 0	 0	 0	 0	 0	 0	 0	 0	 0	 0	 0	 0	 0	 0	 0	 0	r39	 0	 0	r39	r39	r39	r39	 0	 0	r39	
236	 0	 0	 0	 0	 0	 0	 0	 0	 0	 0	 0	 0	 0	 0	 0	 0	 0	 0	 0	 0	 0	 0	 0	 0	 0	 0	 0	 0	 0	 0	 0	 0	G239	 0	 0	 0	r41	 0	 0	r41	r41	s240	r41	 0	 0	r41	
237	r42	 0	 0	 0	 0	 0	 0	 0	 0	 0	 0	 0	 0	 0	 0	 0	 0	 0	 0	 0	 0	 0	 0	 0	 0	 0	 0	 0	 0	 0	 0	 0	 0	 0	 0	 0	 0	 0	 0	 0	 0	r42	 0	 0	 0	 0	
238	 0	 0	 0	 0	 0	 0	 0	 0	 0	 0	 0	 0	G241	 0	 0	 0	G145	G149	G148	G146	G147	 0	 0	 0	 0	 0	 0	 0	 0	 0	 0	 0	 0	 0	 0	 0	s151	 0	 0	s150	s153	 0	s152	 0	s144	 0	
239	 0	 0	 0	 0	 0	 0	 0	 0	 0	 0	 0	 0	 0	 0	 0	 0	 0	 0	 0	 0	 0	 0	 0	 0	 0	 0	 0	 0	 0	 0	 0	 0	 0	 0	 0	 0	r42	 0	 0	r42	r42	r42	r42	 0	 0	r42	
240	 0	 0	 0	 0	 0	 0	 0	 0	 0	 0	 0	 0	G242	 0	 0	 0	G159	G163	G162	G160	G161	 0	 0	 0	 0	 0	 0	 0	 0	 0	 0	 0	 0	 0	 0	 0	s165	 0	 0	s164	s167	 0	s166	 0	s158	 0	
241	r43	 0	 0	 0	 0	 0	 0	 0	 0	 0	 0	 0	 0	 0	 0	 0	 0	 0	 0	 0	 0	 0	 0	 0	 0	 0	 0	 0	 0	 0	 0	 0	 0	 0	 0	 0	 0	 0	 0	 0	 0	r43	 0	 0	 0	 0	
242	 0	 0	 0	 0	 0	 0	 0	 0	 0	 0	 0	 0	 0	 0	 0	 0	 0	 0	 0	 0	 0	 0	 0	 0	 0	 0	 0	 0	 0	 0	 0	 0	 0	 0	 0	 0	r43	 0	 0	r43	r43	r43	r43	 0	 0	r43	
